,file_name,bbox
0,00001.jpeg,"[10, 0, 535, 289]"
1,00002.jpeg,"[18, 46, 400, 224]"
2,00003.jpeg,"[1, 51, 703, 606]"
3,00004.jpeg,"[0, 135, 493, 287]"
4,00004.jpeg,"[556, 77, 233, 186]"
5,00004.jpeg,"[390, 80, 168, 149]"
6,00005.jpeg,"[1, 45, 110, 89]"
7,00005.jpeg,"[79, 18, 159, 125]"
8,00006.jpeg,"[1189, 755, 1068, 355]"
9,00006.jpeg,"[3, 954, 2585, 983]"
10,00007.jpeg,"[59, 23, 195, 138]"
11,00008.jpeg,"[18, 27, 190, 153]"
12,00009.jpeg,"[22, 44, 214, 112]"
13,00009.jpeg,"[83, 46, 173, 63]"
14,00010.jpeg,"[4, 30, 255, 131]"
15,00011.jpeg,"[47, 2, 208, 172]"
16,00012.jpeg,"[68, 9, 182, 172]"
17,00012.jpeg,"[23, 51, 57, 89]"
18,00012.jpeg,"[9, 87, 12, 44]"
19,00013.jpeg,"[336, 157, 169, 106]"
20,00018.jpeg,"[18, 56, 55, 34]"
21,00018.jpeg,"[40, 81, 234, 101]"
22,00018.jpeg,"[0, 130, 145, 52]"
23,00019.jpeg,"[341, 277, 437, 206]"
24,00020.jpeg,"[55, 3, 218, 179]"
25,00021.jpeg,"[56, 26, 164, 151]"
26,00022.jpeg,"[1, 70, 798, 462]"
27,00024.jpeg,"[5, 5, 4150, 3110]"
28,00025.jpeg,"[3, 33, 166, 174]"
29,00026.jpeg,"[293, 223, 505, 308]"
30,00027.jpeg,"[0, 0, 4155, 3115]"
31,00028.jpeg,"[176, 69, 145, 60]"
32,00028.jpeg,"[102, 56, 126, 57]"
33,00030.jpeg,"[0, 16, 188, 144]"
34,00030.jpeg,"[138, 12, 120, 112]"
35,00032.jpeg,"[0, 251, 598, 348]"
36,00033.jpeg,"[13, 50, 264, 113]"
37,00035.jpeg,"[46, 92, 129, 55]"
38,00035.jpeg,"[1, 67, 51, 32]"
39,00036.jpeg,"[61, 0, 261, 155]"
40,00038.jpeg,"[101, 65, 155, 97]"
41,00038.jpeg,"[28, 39, 139, 121]"
42,00038.jpeg,"[1, 32, 90, 110]"
43,00038.jpeg,"[250, 47, 59, 73]"
44,00039.jpeg,"[53, 73, 178, 65]"
45,00039.jpeg,"[27, 74, 117, 45]"
46,00040.jpeg,"[328, 156, 471, 376]"
47,00041.jpeg,"[2, 72, 273, 109]"
48,00042.jpeg,"[45, 241, 292, 242]"
49,00043.jpeg,"[44, 42, 177, 119]"
50,00044.jpeg,"[83, 41, 162, 85]"
51,00044.jpeg,"[94, 105, 179, 77]"
52,00045.jpeg,"[25, 7, 237, 183]"
53,00048.jpeg,"[10, 42, 245, 91]"
54,00049.jpeg,"[3, 3, 1344, 753]"
55,00050.jpeg,"[7, 49, 241, 123]"
56,00050.jpeg,"[83, 29, 42, 22]"
57,00051.jpeg,"[42, 200, 623, 230]"
58,00052.jpeg,"[27, 29, 216, 164]"
59,00053.jpeg,"[1, 296, 798, 236]"
60,00053.jpeg,"[67, 53, 695, 266]"
61,00055.jpeg,"[5, 71, 228, 128]"
62,00056.jpeg,"[5, 27, 219, 125]"
63,00057.jpeg,"[1, 141, 798, 391]"
64,00060.jpeg,"[22, 63, 760, 502]"
65,00061.jpeg,"[1, 14, 273, 168]"
66,00062.jpeg,"[118, 53, 79, 67]"
67,00062.jpeg,"[36, 41, 33, 37]"
68,00063.jpeg,"[139, 66, 136, 117]"
69,00064.jpeg,"[0, 51, 127, 78]"
70,00064.jpeg,"[78, 48, 121, 88]"
71,00064.jpeg,"[164, 20, 160, 127]"
72,00065.jpeg,"[154, 38, 56, 7]"
73,00065.jpeg,"[184, 42, 39, 8]"
74,00065.jpeg,"[37, 63, 261, 105]"
75,00066.jpeg,"[53, 182, 569, 293]"
76,00068.jpeg,"[99, 82, 218, 76]"
77,00068.jpeg,"[1, 67, 46, 63]"
78,00068.jpeg,"[21, 47, 250, 71]"
79,00070.jpeg,"[77, 62, 72, 41]"
80,00070.jpeg,"[1, 95, 257, 98]"
81,00071.jpeg,"[256, 0, 544, 512]"
82,00072.jpeg,"[175, 185, 551, 329]"
83,00073.jpeg,"[1, 64, 156, 104]"
84,00076.jpeg,"[47, 45, 211, 120]"
85,00077.jpeg,"[16, 71, 245, 91]"
86,00079.jpeg,"[8, 12, 664, 433]"
87,00080.jpeg,"[0, 60, 799, 539]"
88,00081.jpeg,"[30, 36, 175, 126]"
89,00083.jpeg,"[12, 0, 237, 165]"
90,00084.jpeg,"[14, 0, 230, 183]"
91,00085.jpeg,"[0, 67, 799, 444]"
92,00086.jpeg,"[43, 35, 168, 157]"
93,00087.jpeg,"[182, 109, 458, 386]"
94,00087.jpeg,"[0, 264, 149, 241]"
95,00088.jpeg,"[58, 54, 240, 113]"
96,00089.jpeg,"[12, 69, 224, 87]"
97,00090.jpeg,"[1, 133, 798, 388]"
98,00091.jpeg,"[1, 36, 256, 157]"
99,00092.jpeg,"[38, 407, 493, 285]"
100,00093.jpeg,"[114, 0, 114, 120]"
101,00094.jpeg,"[1, 93, 194, 89]"
102,00095.jpeg,"[162, 125, 492, 300]"
103,00097.jpeg,"[53, 111, 673, 417]"
104,00098.jpeg,"[61, 168, 686, 330]"
105,00099.jpeg,"[174, 183, 552, 331]"
106,00100.jpeg,"[82, 18, 87, 103]"
107,00101.jpeg,"[218, 219, 716, 230]"
108,00101.jpeg,"[447, 305, 552, 144]"
109,00102.jpeg,"[243, 41, 56, 35]"
110,00102.jpeg,"[1, 52, 255, 116]"
111,00103.jpeg,"[171, 0, 628, 532]"
112,00104.jpeg,"[15, 40, 213, 158]"
113,00105.jpeg,"[18, 50, 235, 92]"
114,00106.jpeg,"[0, 463, 801, 153]"
115,00108.jpeg,"[0, 95, 633, 431]"
116,00109.jpeg,"[29, 51, 227, 98]"
117,00110.jpeg,"[1, 40, 257, 153]"
118,00110.jpeg,"[163, 0, 96, 51]"
119,00111.jpeg,"[8, 29, 245, 136]"
120,00113.jpeg,"[1, 177, 86, 93]"
121,00113.jpeg,"[474, 199, 210, 135]"
122,00114.jpeg,"[3, 40, 238, 153]"
123,00115.jpeg,"[1, 0, 797, 799]"
124,00116.jpeg,"[10, 14, 249, 161]"
125,00117.jpeg,"[38, 46, 232, 120]"
126,00118.jpeg,"[0, 24, 259, 169]"
127,00119.jpeg,"[0, 89, 277, 95]"
128,00119.jpeg,"[245, 85, 30, 19]"
129,00119.jpeg,"[186, 57, 31, 14]"
130,00120.jpeg,"[6, 4, 247, 185]"
131,00121.jpeg,"[1, 145, 163, 129]"
132,00121.jpeg,"[56, 112, 34, 14]"
133,00121.jpeg,"[0, 104, 34, 31]"
134,00122.jpeg,"[106, 86, 91, 72]"
135,00122.jpeg,"[17, 111, 207, 113]"
136,00122.jpeg,"[178, 68, 22, 15]"
137,00123.jpeg,"[75, 149, 611, 214]"
138,00124.jpeg,"[1, 64, 372, 71]"
139,00124.jpeg,"[1, 47, 19, 14]"
140,00124.jpeg,"[193, 40, 87, 50]"
141,00124.jpeg,"[307, 39, 66, 59]"
142,00125.jpeg,"[1, 1, 798, 426]"
143,00126.jpeg,"[39, 42, 198, 118]"
144,00127.jpeg,"[15, 97, 244, 96]"
145,00128.jpeg,"[118, 28, 153, 138]"
146,00129.jpeg,"[0, 79, 259, 104]"
147,00131.jpeg,"[8, 43, 267, 140]"
148,00132.jpeg,"[252, 50, 18, 9]"
149,00132.jpeg,"[131, 35, 41, 5]"
150,00132.jpeg,"[68, 92, 83, 60]"
151,00132.jpeg,"[142, 71, 64, 24]"
152,00132.jpeg,"[228, 88, 42, 28]"
153,00132.jpeg,"[182, 131, 89, 55]"
154,00132.jpeg,"[246, 69, 25, 12]"
155,00132.jpeg,"[30, 96, 77, 49]"
156,00133.jpeg,"[1, 0, 798, 447]"
157,00136.jpeg,"[72, 139, 666, 318]"
158,00137.jpeg,"[1, 84, 797, 448]"
159,00138.jpeg,"[97, 85, 515, 391]"
160,00139.jpeg,"[22, 47, 289, 104]"
161,00141.jpeg,"[12, 49, 218, 109]"
162,00141.jpeg,"[1, 92, 39, 91]"
163,00142.jpeg,"[29, 116, 700, 353]"
164,00143.jpeg,"[0, 47, 251, 122]"
165,00144.jpeg,"[67, 11, 194, 171]"
166,00145.jpeg,"[1, 46, 222, 159]"
167,00146.jpeg,"[0, 49, 800, 485]"
168,00148.jpeg,"[35, 40, 202, 110]"
169,00149.jpeg,"[112, 26, 146, 116]"
170,00149.jpeg,"[42, 65, 168, 106]"
171,00151.jpeg,"[141, 45, 130, 113]"
172,00151.jpeg,"[5, 52, 124, 111]"
173,00152.jpeg,"[5, 58, 210, 120]"
174,00154.jpeg,"[9, 16, 196, 208]"
175,00155.jpeg,"[96, 104, 128, 87]"
176,00156.jpeg,"[63, 0, 281, 128]"
177,00157.jpeg,"[44, 60, 170, 126]"
178,00158.jpeg,"[17, 32, 225, 146]"
179,00159.jpeg,"[55, 107, 610, 355]"
180,00160.jpeg,"[1, 71, 258, 109]"
181,00160.jpeg,"[79, 14, 179, 55]"
182,00161.jpeg,"[18, 96, 184, 97]"
183,00163.jpeg,"[410, 252, 307, 253]"
184,00163.jpeg,"[95, 248, 332, 247]"
185,00164.jpeg,"[1, 76, 266, 107]"
186,00165.jpeg,"[69, 335, 466, 314]"
187,00166.jpeg,"[48, 46, 211, 120]"
188,00167.jpeg,"[51, 91, 689, 377]"
189,00168.jpeg,"[116, 18, 139, 143]"
190,00169.jpeg,"[60, 191, 677, 278]"
191,00170.jpeg,"[9, 3, 262, 169]"
192,00172.jpeg,"[47, 66, 609, 402]"
193,00173.jpeg,"[74, 162, 505, 287]"
194,00174.jpeg,"[24, 57, 221, 105]"
195,00175.jpeg,"[1, 20, 281, 159]"
196,00176.jpeg,"[260, 17, 364, 424]"
197,00177.jpeg,"[12, 63, 203, 106]"
198,00177.jpeg,"[65, 29, 59, 34]"
199,00179.jpeg,"[74, 191, 543, 291]"
200,00180.jpeg,"[170, 33, 93, 30]"
201,00180.jpeg,"[26, 56, 273, 112]"
202,00181.jpeg,"[95, 98, 51, 56]"
203,00181.jpeg,"[210, 142, 59, 36]"
204,00181.jpeg,"[53, 88, 48, 49]"
205,00182.jpeg,"[1, 10, 212, 205]"
206,00183.jpeg,"[0, 11, 781, 519]"
207,00184.jpeg,"[34, 33, 196, 152]"
208,00185.jpeg,"[9, 60, 106, 32]"
209,00185.jpeg,"[0, 67, 214, 102]"
210,00186.jpeg,"[18, 102, 282, 66]"
211,00187.jpeg,"[17, 135, 1281, 731]"
212,00189.jpeg,"[76, 70, 92, 53]"
213,00189.jpeg,"[5, 83, 95, 48]"
214,00190.jpeg,"[99, 52, 701, 476]"
215,00192.jpeg,"[57, 32, 214, 154]"
216,00193.jpeg,"[0, 0, 230, 218]"
217,00195.jpeg,"[139, 1, 606, 532]"
218,00196.jpeg,"[1, 9, 309, 330]"
219,00198.jpeg,"[75, 200, 637, 222]"
220,00199.jpeg,"[22, 33, 215, 145]"
221,00200.jpeg,"[0, 1, 799, 508]"
222,00201.jpeg,"[1, 48, 225, 142]"
223,00203.jpeg,"[50, 55, 190, 128]"
224,00204.jpeg,"[2, 324, 380, 148]"
225,00204.jpeg,"[194, 326, 1246, 499]"
226,00206.jpeg,"[1, 81, 193, 116]"
227,00207.jpeg,"[0, 0, 258, 193]"
228,00208.jpeg,"[1, 26, 257, 166]"
229,00209.jpeg,"[30, 23, 295, 127]"
230,00211.jpeg,"[120, 216, 595, 250]"
231,00212.jpeg,"[2, 81, 186, 74]"
232,00213.jpeg,"[35, 16, 232, 172]"
233,00214.jpeg,"[7, 29, 260, 147]"
234,00215.jpeg,"[15, 25, 229, 137]"
235,00218.jpeg,"[24, 50, 236, 117]"
236,00219.jpeg,"[15, 34, 304, 101]"
237,00220.jpeg,"[67, 240, 603, 218]"
238,00221.jpeg,"[36, 48, 129, 124]"
239,00222.jpeg,"[66, 162, 681, 242]"
240,00224.jpeg,"[139, 162, 556, 332]"
241,00226.jpeg,"[114, 46, 57, 38]"
242,00226.jpeg,"[2, 66, 203, 116]"
243,00226.jpeg,"[166, 31, 33, 25]"
244,00226.jpeg,"[126, 25, 37, 20]"
245,00226.jpeg,"[39, 26, 48, 32]"
246,00227.jpeg,"[13, 167, 721, 329]"
247,00229.jpeg,"[0, 146, 799, 745]"
248,00231.jpeg,"[0, 47, 275, 136]"
249,00232.jpeg,"[27, 120, 758, 339]"
250,00233.jpeg,"[0, 42, 275, 141]"
251,00234.jpeg,"[0, 12, 266, 171]"
252,00235.jpeg,"[42, 174, 567, 331]"
253,00236.jpeg,"[1, 63, 249, 113]"
254,00237.jpeg,"[43, 15, 221, 144]"
255,00239.jpeg,"[0, 79, 294, 89]"
256,00240.jpeg,"[54, 0, 336, 124]"
257,00243.jpeg,"[108, 56, 117, 169]"
258,00244.jpeg,"[0, 1, 177, 59]"
259,00244.jpeg,"[0, 26, 299, 142]"
260,00245.jpeg,"[46, 62, 168, 128]"
261,00247.jpeg,"[24, 19, 218, 163]"
262,00249.jpeg,"[160, 0, 224, 117]"
263,00251.jpeg,"[18, 32, 221, 103]"
264,00253.jpeg,"[0, 53, 225, 172]"
265,00255.jpeg,"[5, 9, 215, 155]"
266,00256.jpeg,"[139, 153, 549, 341]"
267,00258.jpeg,"[0, 57, 218, 158]"
268,00259.jpeg,"[37, 59, 698, 454]"
269,00262.jpeg,"[2038, 0, 1061, 131]"
270,00262.jpeg,"[0, 167, 4155, 2948]"
271,00263.jpeg,"[0, 8, 194, 251]"
272,00266.jpeg,"[56, 131, 643, 336]"
273,00266.jpeg,"[1, 73, 248, 225]"
274,00267.jpeg,"[0, 31, 540, 233]"
275,00268.jpeg,"[0, 7, 215, 228]"
276,00269.jpeg,"[18, 0, 240, 194]"
277,00270.jpeg,"[21, 69, 230, 117]"
278,00270.jpeg,"[34, 4, 200, 73]"
279,00271.jpeg,"[1, 7, 299, 161]"
280,00272.jpeg,"[0, 71, 258, 123]"
281,00273.jpeg,"[1, 32, 297, 136]"
282,00274.jpeg,"[297, 202, 488, 366]"
283,00274.jpeg,"[1, 1, 457, 270]"
284,00276.jpeg,"[0, 0, 253, 197]"
285,00279.jpeg,"[46, 92, 130, 45]"
286,00281.jpeg,"[1, 3, 344, 141]"
287,00282.jpeg,"[0, 23, 257, 168]"
288,00283.jpeg,"[1, 1, 237, 192]"
289,00285.jpeg,"[11, 96, 243, 85]"
290,00287.jpeg,"[53, 30, 211, 59]"
291,00288.jpeg,"[52, 78, 656, 410]"
292,00289.jpeg,"[2, 33, 254, 159]"
293,00290.jpeg,"[1, 56, 291, 111]"
294,00292.jpeg,"[3, 5, 240, 175]"
295,00294.jpeg,"[1, 92, 167, 150]"
296,00295.jpeg,"[22, 43, 182, 146]"
297,00296.jpeg,"[11, 70, 157, 60]"
298,00296.jpeg,"[1, 104, 292, 63]"
299,00297.jpeg,"[1, 27, 79, 112]"
300,00297.jpeg,"[1, 51, 150, 91]"
301,00297.jpeg,"[100, 44, 157, 143]"
302,00298.jpeg,"[61, 54, 197, 135]"
303,00299.jpeg,"[67, 81, 152, 73]"
304,00300.jpeg,"[15, 61, 161, 150]"
305,00301.jpeg,"[49, 30, 181, 144]"
306,00302.jpeg,"[20, 14, 228, 156]"
307,00304.jpeg,"[98, 95, 700, 389]"
308,00305.jpeg,"[8, 16, 288, 105]"
309,00306.jpeg,"[34, 56, 197, 71]"
310,00308.jpeg,"[67, 55, 732, 531]"
311,00309.jpeg,"[3, 24, 243, 145]"
312,00312.jpeg,"[70, 133, 643, 335]"
313,00313.jpeg,"[0, 1, 346, 145]"
314,00314.jpeg,"[32, 16, 221, 156]"
315,00316.jpeg,"[64, 7, 253, 154]"
316,00317.jpeg,"[66, 59, 109, 92]"
317,00317.jpeg,"[99, 29, 107, 59]"
318,00318.jpeg,"[29, 160, 660, 634]"
319,00321.jpeg,"[6, 164, 341, 307]"
320,00323.jpeg,"[3, 261, 4143, 2853]"
321,00324.jpeg,"[28, 21, 216, 121]"
322,00325.jpeg,"[26, 26, 133, 227]"
323,00326.jpeg,"[1, 18, 270, 167]"
324,00327.jpeg,"[1, 55, 223, 169]"
325,00328.jpeg,"[1, 15, 293, 151]"
326,00329.jpeg,"[66, 150, 621, 329]"
327,00330.jpeg,"[88, 81, 139, 83]"
328,00330.jpeg,"[245, 136, 35, 26]"
329,00331.jpeg,"[57, 88, 183, 101]"
330,00332.jpeg,"[93, 39, 205, 91]"
331,00333.jpeg,"[0, 297, 1105, 526]"
332,00333.jpeg,"[665, 1070, 264, 172]"
333,00338.jpeg,"[0, 26, 289, 147]"
334,00342.jpeg,"[30, 66, 187, 101]"
335,00343.jpeg,"[2, 29, 256, 164]"
336,00344.jpeg,"[72, 74, 188, 120]"
337,00344.jpeg,"[216, 75, 9, 16]"
338,00346.jpeg,"[94, 206, 492, 506]"
339,00349.jpeg,"[50, 232, 385, 214]"
340,00349.jpeg,"[60, 185, 572, 293]"
341,00350.jpeg,"[38, 18, 645, 514]"
342,00352.jpeg,"[1, 7, 232, 186]"
343,00353.jpeg,"[124, 57, 115, 105]"
344,00354.jpeg,"[0, 57, 84, 50]"
345,00354.jpeg,"[80, 66, 177, 122]"
346,00355.jpeg,"[61, 138, 715, 355]"
347,00356.jpeg,"[1, 45, 282, 130]"
348,00358.jpeg,"[1, 80, 191, 177]"
349,00359.jpeg,"[50, 18, 216, 144]"
350,00360.jpeg,"[123, 96, 75, 72]"
351,00362.jpeg,"[59, 54, 251, 185]"
352,00362.jpeg,"[469, 42, 303, 239]"
353,00363.jpeg,"[119, 77, 168, 100]"
354,00364.jpeg,"[0, 2, 288, 133]"
355,00365.jpeg,"[0, 32, 258, 162]"
356,00366.jpeg,"[23, 64, 223, 85]"
357,00368.jpeg,"[5, 10, 290, 159]"
358,00369.jpeg,"[0, 25, 274, 158]"
359,00370.jpeg,"[77, 0, 325, 125]"
360,00372.jpeg,"[1, 98, 799, 435]"
361,00375.jpeg,"[91, 108, 636, 400]"
362,00377.jpeg,"[66, 10, 197, 173]"
363,00378.jpeg,"[0, 24, 258, 170]"
364,00379.jpeg,"[0, 46, 258, 149]"
365,00380.jpeg,"[0, 24, 259, 170]"
366,00382.jpeg,"[72, 231, 468, 270]"
367,00382.jpeg,"[455, 259, 305, 225]"
368,00383.jpeg,"[0, 1, 800, 539]"
369,00384.jpeg,"[1, 64, 274, 75]"
370,00385.jpeg,"[245, 81, 30, 24]"
371,00385.jpeg,"[1, 92, 273, 91]"
372,00386.jpeg,"[14, 53, 248, 120]"
373,00387.jpeg,"[7, 28, 188, 126]"
374,00389.jpeg,"[203, 109, 597, 386]"
375,00390.jpeg,"[0, 114, 727, 408]"
376,00391.jpeg,"[1, 34, 274, 149]"
377,00392.jpeg,"[0, 434, 4155, 2686]"
378,00392.jpeg,"[1808, 0, 2174, 711]"
379,00393.jpeg,"[50, 28, 230, 132]"
380,00394.jpeg,"[16, 63, 244, 124]"
381,00395.jpeg,"[1, 15, 223, 209]"
382,00396.jpeg,"[0, 49, 538, 484]"
383,00397.jpeg,"[90, 223, 535, 310]"
384,00398.jpeg,"[177, 83, 82, 71]"
385,00398.jpeg,"[43, 82, 144, 88]"
386,00399.jpeg,"[68, 45, 231, 123]"
387,00399.jpeg,"[170, 29, 56, 29]"
388,00400.jpeg,"[0, 73, 259, 97]"
389,00401.jpeg,"[1, 4, 224, 221]"
390,00402.jpeg,"[0, 5, 248, 193]"
391,00403.jpeg,"[106, 43, 153, 151]"
392,00403.jpeg,"[0, 47, 126, 112]"
393,00403.jpeg,"[0, 34, 66, 52]"
394,00405.jpeg,"[34, 196, 734, 344]"
395,00406.jpeg,"[19, 108, 215, 55]"
396,00408.jpeg,"[15, 0, 198, 154]"
397,00409.jpeg,"[1, 382, 799, 315]"
398,00411.jpeg,"[98, 162, 615, 292]"
399,00413.jpeg,"[48, 65, 177, 83]"
400,00414.jpeg,"[0, 64, 193, 168]"
401,00415.jpeg,"[0, 549, 4155, 2571]"
402,00415.jpeg,"[1730, 5, 2148, 716]"
403,00416.jpeg,"[0, 9, 193, 250]"
404,00417.jpeg,"[73, 0, 134, 183]"
405,00420.jpeg,"[24, 55, 276, 113]"
406,00421.jpeg,"[14, 38, 251, 128]"
407,00423.jpeg,"[26, 14, 217, 160]"
408,00424.jpeg,"[52, 0, 200, 193]"
409,00425.jpeg,"[0, 50, 392, 294]"
410,00426.jpeg,"[297, 202, 489, 364]"
411,00426.jpeg,"[0, 0, 462, 272]"
412,00427.jpeg,"[0, 39, 225, 186]"
413,00428.jpeg,"[18, 0, 228, 183]"
414,00429.jpeg,"[0, 14, 239, 196]"
415,00430.jpeg,"[0, 96, 185, 175]"
416,00431.jpeg,"[0, 25, 257, 169]"
417,00435.png,"[0, 38, 250, 181]"
418,00435.png,"[253, 23, 257, 257]"
419,00437.jpeg,"[9, 60, 210, 128]"
420,00438.jpeg,"[39, 31, 311, 103]"
421,00439.jpeg,"[23, 51, 229, 93]"
422,00440.jpeg,"[2, 120, 197, 61]"
423,00441.jpeg,"[0, 24, 241, 176]"
424,00443.jpeg,"[8, 1, 266, 177]"
425,00444.jpeg,"[0, 21, 274, 162]"
426,00446.jpeg,"[4, 31, 298, 115]"
427,00447.jpeg,"[67, 142, 625, 309]"
428,00448.jpeg,"[0, 10, 224, 214]"
429,00449.jpeg,"[9, 53, 265, 114]"
430,00450.jpeg,"[0, 57, 258, 137]"
431,00451.jpeg,"[11, 45, 259, 137]"
432,00452.jpeg,"[12, 46, 259, 134]"
433,00454.jpeg,"[96, 49, 88, 82]"
434,00454.jpeg,"[185, 26, 90, 93]"
435,00454.jpeg,"[0, 47, 93, 134]"
436,00455.jpeg,"[14, 35, 233, 144]"
437,00457.jpeg,"[51, 162, 669, 259]"
438,00458.jpeg,"[56, 149, 674, 265]"
439,00460.jpeg,"[5, 272, 4150, 2848]"
440,00461.jpeg,"[191, 10, 101, 85]"
441,00461.jpeg,"[48, 49, 205, 109]"
442,00462.jpeg,"[47, 109, 458, 310]"
443,00463.jpeg,"[0, 101, 189, 115]"
444,00465.jpeg,"[5, 5, 4155, 3115]"
445,00466.jpeg,"[40, 8, 285, 113]"
446,00467.jpeg,"[1, 61, 241, 122]"
447,00468.jpeg,"[0, 1, 224, 224]"
448,00469.jpeg,"[62, 3, 438, 311]"
449,00471.jpeg,"[0, 39, 243, 154]"
450,00472.jpeg,"[1, 48, 223, 155]"
451,00476.jpeg,"[0, 123, 799, 410]"
452,00477.jpeg,"[701, 63, 138, 280]"
453,00477.jpeg,"[553, 387, 252, 331]"
454,00477.jpeg,"[364, 391, 219, 328]"
455,00478.jpeg,"[88, 84, 124, 79]"
456,00479.jpeg,"[9, 50, 240, 144]"
457,00480.jpeg,"[0, 11, 262, 169]"
458,00481.jpeg,"[149, 45, 67, 84]"
459,00485.jpeg,"[0, 79, 479, 561]"
460,00486.jpeg,"[127, 21, 129, 135]"
461,00486.jpeg,"[2, 44, 123, 137]"
462,00487.jpeg,"[5, 61, 163, 181]"
463,00488.jpeg,"[1, 6, 224, 219]"
464,00489.jpeg,"[1, 49, 799, 484]"
465,00490.jpeg,"[0, 75, 275, 108]"
466,00491.jpeg,"[0, 0, 247, 192]"
467,00492.jpeg,"[35, 41, 245, 127]"
468,00495.jpeg,"[18, 25, 219, 139]"
469,00496.jpeg,"[0, 30, 240, 180]"
470,00497.jpeg,"[112, 94, 146, 94]"
471,00498.jpeg,"[56, 37, 124, 83]"
472,00499.jpeg,"[133, 116, 421, 258]"
473,00500.jpeg,"[109, 88, 150, 81]"
474,00501.jpeg,"[2, 19, 179, 137]"
475,00501.jpeg,"[162, 0, 160, 156]"
476,00502.jpeg,"[9, 108, 127, 65]"
477,00502.jpeg,"[71, 70, 121, 33]"
478,00502.jpeg,"[122, 45, 99, 32]"
479,00503.jpeg,"[0, 71, 799, 462]"
480,00505.jpeg,"[525, 259, 144, 108]"
481,00505.jpeg,"[168, 237, 173, 156]"
482,00505.jpeg,"[11, 198, 184, 189]"
483,00507.jpeg,"[21, 4, 221, 69]"
484,00507.jpeg,"[0, 22, 258, 172]"
485,00508.jpeg,"[0, 80, 224, 132]"
486,00509.jpeg,"[1, 18, 133, 105]"
487,00509.jpeg,"[135, 12, 139, 138]"
488,00510.jpeg,"[113, 25, 146, 119]"
489,00510.jpeg,"[42, 66, 163, 104]"
490,00511.jpeg,"[91, 5, 91, 87]"
491,00511.jpeg,"[185, 95, 91, 85]"
492,00511.jpeg,"[20, 116, 48, 66]"
493,00511.jpeg,"[93, 120, 85, 61]"
494,00511.jpeg,"[185, 23, 90, 60]"
495,00512.jpeg,"[0, 43, 254, 142]"
496,00512.jpeg,"[170, 18, 98, 27]"
497,00513.jpeg,"[44, 0, 135, 94]"
498,00514.jpeg,"[16, 151, 716, 316]"
499,00516.jpeg,"[258, 179, 451, 275]"
500,00518.jpeg,"[0, 71, 747, 462]"
501,00519.jpeg,"[15, 64, 246, 122]"
502,00520.jpeg,"[30, 71, 269, 97]"
503,00521.jpeg,"[15, 91, 741, 376]"
504,00522.jpeg,"[0, 72, 259, 98]"
505,00523.jpeg,"[20, 84, 160, 130]"
506,00524.jpeg,"[42, 16, 258, 135]"
507,00525.jpeg,"[205, 47, 55, 39]"
508,00525.jpeg,"[140, 82, 158, 66]"
509,00526.jpeg,"[43, 10, 314, 129]"
510,00528.jpeg,"[23, 24, 220, 158]"
511,00529.jpeg,"[4, 8, 242, 195]"
512,00530.jpeg,"[166, 103, 98, 67]"
513,00530.jpeg,"[134, 131, 141, 52]"
514,00531.jpeg,"[20, 61, 243, 116]"
515,00531.jpeg,"[34, 2, 209, 69]"
516,00532.jpeg,"[192, 86, 66, 97]"
517,00532.jpeg,"[136, 46, 120, 102]"
518,00532.jpeg,"[57, 35, 100, 100]"
519,00532.jpeg,"[1, 27, 100, 84]"
520,00533.jpeg,"[1, 103, 676, 393]"
521,00535.jpeg,"[0, 1, 349, 121]"
522,00536.jpeg,"[0, 3, 131, 172]"
523,00537.jpeg,"[0, 71, 259, 99]"
524,00542.jpeg,"[1, 18, 254, 114]"
525,00542.jpeg,"[10, 146, 106, 42]"
526,00542.jpeg,"[166, 160, 90, 31]"
527,00543.jpeg,"[4, 145, 431, 225]"
528,00544.jpeg,"[0, 0, 258, 194]"
529,00546.jpeg,"[0, 1, 299, 149]"
530,00547.jpeg,"[170, 184, 556, 331]"
531,00549.jpeg,"[9, 48, 173, 198]"
532,00551.jpeg,"[98, 29, 175, 155]"
533,00553.jpeg,"[0, 65, 274, 90]"
534,00554.jpeg,"[0, 4, 282, 175]"
535,00555.jpeg,"[222, 13, 152, 82]"
536,00556.png,"[107, 65, 183, 51]"
537,00556.png,"[0, 85, 297, 173]"
538,00558.jpeg,"[0, 53, 193, 206]"
539,00560.jpeg,"[0, 0, 4155, 3115]"
540,00561.jpeg,"[7, 77, 170, 124]"
541,00562.jpeg,"[1, 14, 274, 169]"
542,00563.jpeg,"[124, 93, 566, 412]"
543,00566.jpeg,"[53, 84, 154, 83]"
544,00567.jpeg,"[32, 11, 222, 163]"
545,00568.jpeg,"[9, 45, 262, 138]"
546,00569.jpeg,"[4, 60, 175, 93]"
547,00570.jpeg,"[105, 66, 605, 388]"
548,00571.jpeg,"[29, 13, 195, 173]"
549,00572.jpeg,"[37, 12, 197, 134]"
550,00573.jpeg,"[0, 27, 259, 140]"
551,00575.jpeg,"[55, 48, 200, 144]"
552,00577.jpeg,"[64, 17, 127, 114]"
553,00578.jpeg,"[48, 3, 144, 59]"
554,00578.jpeg,"[9, 61, 251, 87]"
555,00579.jpeg,"[0, 2, 599, 898]"
556,00581.jpeg,"[23, 21, 217, 162]"
557,00582.jpeg,"[19, 4, 214, 157]"
558,00583.jpeg,"[1, 26, 274, 157]"
559,00584.jpeg,"[0, 6, 258, 188]"
560,00587.jpeg,"[0, 62, 239, 132]"
561,00589.jpeg,"[37, 64, 730, 406]"
562,00590.jpeg,"[1, 53, 193, 206]"
563,00591.jpeg,"[249, 7, 106, 83]"
564,00591.jpeg,"[94, 32, 86, 95]"
565,00591.jpeg,"[180, 14, 91, 95]"
566,00591.jpeg,"[6, 35, 78, 101]"
567,00593.jpeg,"[24, 50, 237, 118]"
568,00594.jpeg,"[64, 98, 721, 380]"
569,00596.jpeg,"[177, 130, 401, 335]"
570,00596.jpeg,"[519, 192, 280, 299]"
571,00597.jpeg,"[17, 0, 651, 439]"
572,00598.jpeg,"[16, 37, 179, 157]"
573,00599.jpeg,"[0, 38, 259, 156]"
574,00599.jpeg,"[85, 18, 174, 121]"
575,00600.jpeg,"[66, 341, 864, 116]"
576,00600.jpeg,"[2, 401, 1233, 525]"
577,00601.jpeg,"[46, 36, 214, 122]"
578,00602.jpeg,"[234, 263, 509, 274]"
579,00603.jpeg,"[306, 2, 623, 538]"
580,00603.jpeg,"[637, 101, 709, 445]"
581,00603.jpeg,"[1323, 13, 315, 337]"
582,00603.jpeg,"[0, 0, 589, 497]"
583,00604.jpeg,"[1, 14, 274, 169]"
584,00605.jpeg,"[117, 83, 601, 389]"
585,00606.jpeg,"[0, 24, 289, 150]"
586,00609.jpeg,"[5, 10, 251, 185]"
587,00611.jpeg,"[35, 161, 328, 288]"
588,00611.jpeg,"[289, 164, 321, 248]"
589,00612.jpeg,"[0, 14, 295, 152]"
590,00614.jpeg,"[95, 91, 179, 92]"
591,00615.jpeg,"[16, 41, 143, 93]"
592,00617.jpeg,"[54, 1, 209, 165]"
593,00618.jpeg,"[10, 35, 255, 153]"
594,00621.jpeg,"[1, 66, 91, 85]"
595,00621.jpeg,"[102, 130, 93, 87]"
596,00623.jpeg,"[98, 35, 142, 33]"
597,00623.jpeg,"[0, 30, 231, 119]"
598,00625.jpeg,"[1, 5, 259, 189]"
599,00626.jpeg,"[99, 59, 135, 86]"
600,00627.jpeg,"[85, 11, 173, 115]"
601,00629.jpeg,"[10, 8, 211, 125]"
602,00629.jpeg,"[64, 0, 160, 115]"
603,00630.jpeg,"[6, 7, 177, 89]"
604,00632.jpeg,"[28, 88, 177, 60]"
605,00633.jpeg,"[3, 17, 242, 185]"
606,00634.jpeg,"[1, 47, 257, 146]"
607,00635.jpeg,"[1, 38, 282, 141]"
608,00637.jpeg,"[120, 173, 399, 454]"
609,00637.jpeg,"[1, 110, 324, 527]"
610,00637.jpeg,"[364, 199, 300, 467]"
611,00638.jpeg,"[1, 30, 256, 163]"
612,00639.jpeg,"[160, 1, 225, 116]"
613,00641.jpeg,"[0, 5, 299, 163]"
614,00642.jpeg,"[0, 61, 274, 121]"
615,00643.jpeg,"[66, 222, 1197, 532]"
616,00644.jpeg,"[2, 0, 796, 552]"
617,00646.jpeg,"[10, 47, 242, 104]"
618,00647.jpeg,"[0, 64, 300, 104]"
619,00648.jpeg,"[0, 68, 258, 126]"
620,00649.jpeg,"[0, 0, 258, 194]"
621,00650.jpeg,"[1, 75, 789, 512]"
622,00651.jpeg,"[221, 201, 447, 284]"
623,00652.jpeg,"[23, 28, 736, 420]"
624,00653.jpeg,"[0, 31, 283, 147]"
625,00655.jpeg,"[1, 10, 998, 555]"
626,00656.jpeg,"[8, 36, 246, 132]"
627,00658.jpeg,"[0, 17, 298, 149]"
628,00659.jpeg,"[0, 1, 251, 199]"
629,00661.jpeg,"[0, 0, 97, 131]"
630,00661.jpeg,"[0, 41, 219, 188]"
631,00661.jpeg,"[70, 161, 149, 67]"
632,00662.jpeg,"[0, 11, 336, 488]"
633,00663.jpeg,"[1, 30, 222, 170]"
634,00667.jpeg,"[2, 372, 300, 372]"
635,00667.jpeg,"[194, 2, 804, 743]"
636,00669.jpeg,"[0, 24, 248, 148]"
637,00670.jpeg,"[1, 79, 191, 180]"
638,00671.jpeg,"[28, 52, 232, 91]"
639,00672.jpeg,"[0, 50, 256, 143]"
640,00673.jpeg,"[1, 9, 238, 200]"
641,00674.jpeg,"[12, 50, 256, 101]"
642,00676.jpeg,"[5, 21, 247, 148]"
643,00677.jpeg,"[3, 16, 212, 177]"
644,00678.jpeg,"[61, 55, 681, 738]"
645,00679.jpeg,"[26, 66, 181, 101]"
646,00680.jpeg,"[58, 52, 165, 123]"
647,00681.jpeg,"[17, 33, 258, 129]"
648,00682.jpeg,"[103, 64, 141, 66]"
649,00682.jpeg,"[13, 49, 125, 86]"
650,00684.jpeg,"[31, 10, 3888, 564]"
651,00684.jpeg,"[11, 0, 4139, 3104]"
652,00685.jpeg,"[169, 17, 92, 31]"
653,00685.jpeg,"[43, 19, 176, 48]"
654,00686.jpeg,"[10, 50, 257, 101]"
655,00687.jpeg,"[23, 25, 217, 111]"
656,00688.jpeg,"[7, 66, 268, 117]"
657,00689.jpeg,"[7, 4, 245, 183]"
658,00690.jpeg,"[3, 0, 204, 31]"
659,00690.jpeg,"[0, 29, 299, 138]"
660,00692.jpeg,"[19, 65, 233, 122]"
661,00692.jpeg,"[34, 5, 199, 71]"
662,00694.jpeg,"[0, 115, 119, 67]"
663,00696.jpeg,"[5, 57, 166, 103]"
664,00697.jpeg,"[432, 119, 171, 215]"
665,00697.jpeg,"[263, 131, 195, 329]"
666,00697.jpeg,"[1, 27, 259, 503]"
667,00697.jpeg,"[552, 95, 248, 265]"
668,00699.jpeg,"[16, 87, 177, 80]"
669,00700.jpeg,"[1, 144, 752, 344]"
670,00701.jpeg,"[3, 93, 1017, 650]"
671,00702.jpeg,"[302, 57, 628, 595]"
672,00704.jpeg,"[23, 28, 215, 111]"
673,00705.jpeg,"[1, 34, 481, 297]"
674,00705.jpeg,"[1, 23, 167, 305]"
675,00706.jpeg,"[6, 58, 165, 103]"
676,00707.jpeg,"[474, 65, 521, 294]"
677,00707.jpeg,"[0, 234, 52, 96]"
678,00707.jpeg,"[1, 279, 375, 220]"
679,00709.jpeg,"[9, 15, 203, 164]"
680,00711.jpeg,"[0, 1, 259, 193]"
681,00712.jpeg,"[25, 26, 133, 226]"
682,00713.jpeg,"[128, 50, 544, 432]"
683,00714.jpeg,"[159, 1, 95, 55]"
684,00714.jpeg,"[33, 72, 219, 121]"
685,00715.jpeg,"[0, 41, 289, 133]"
686,00716.jpeg,"[20, 36, 237, 157]"
687,00717.jpeg,"[69, 52, 154, 75]"
688,00719.jpeg,"[37, 60, 215, 123]"
689,00721.jpeg,"[118, 0, 65, 18]"
690,00721.jpeg,"[1, 7, 238, 204]"
691,00722.jpeg,"[39, 89, 663, 371]"
692,00724.jpeg,"[40, 16, 259, 136]"
693,00725.jpeg,"[11, 33, 234, 134]"
694,00727.jpeg,"[0, 98, 102, 73]"
695,00727.jpeg,"[0, 133, 182, 141]"
696,00728.jpeg,"[3, 34, 261, 134]"
697,00729.jpeg,"[0, 2, 130, 172]"
698,00730.jpeg,"[34, 9, 270, 125]"
699,00732.jpeg,"[163, 23, 636, 508]"
700,00733.jpeg,"[86, 111, 643, 393]"
701,00735.jpeg,"[123, 100, 677, 432]"
702,00736.jpeg,"[47, 34, 213, 123]"
703,00737.jpeg,"[20, 6, 273, 163]"
704,00737.jpeg,"[155, 2, 111, 22]"
705,00737.jpeg,"[216, 10, 83, 84]"
706,00738.jpeg,"[55, 107, 683, 333]"
707,00739.jpeg,"[114, 1, 231, 76]"
708,00739.jpeg,"[20, 6, 310, 138]"
709,00742.jpeg,"[22, 10, 477, 188]"
710,00744.jpeg,"[51, 172, 309, 97]"
711,00745.jpeg,"[87, 119, 190, 65]"
712,00745.jpeg,"[0, 90, 213, 93]"
713,00747.jpeg,"[8, 36, 245, 138]"
714,00750.jpeg,"[4, 19, 233, 132]"
715,00751.jpeg,"[51, 71, 35, 31]"
716,00751.jpeg,"[16, 102, 284, 66]"
717,00751.jpeg,"[88, 73, 24, 24]"
718,00752.jpeg,"[34, 4, 198, 73]"
719,00752.jpeg,"[17, 64, 234, 122]"
720,00753.jpeg,"[0, 65, 226, 118]"
721,00754.jpeg,"[0, 11, 259, 183]"
722,00755.jpeg,"[5, 9, 172, 152]"
723,00756.jpeg,"[76, 93, 140, 99]"
724,00757.jpeg,"[171, 79, 473, 404]"
725,00758.jpeg,"[36, 137, 738, 347]"
726,00759.jpeg,"[146, 1, 67, 18]"
727,00759.jpeg,"[0, 3, 151, 51]"
728,00759.jpeg,"[1, 7, 254, 162]"
729,00760.jpeg,"[20, 9, 255, 174]"
730,00761.jpeg,"[72, 13, 720, 488]"
731,00764.jpeg,"[1, 28, 231, 139]"
732,00765.jpeg,"[80, 41, 29, 37]"
733,00765.jpeg,"[105, 79, 168, 107]"
734,00766.jpeg,"[2, 48, 227, 143]"
735,00767.jpeg,"[0, 17, 275, 166]"
736,00768.jpeg,"[15, 61, 258, 109]"
737,00769.jpeg,"[11, 101, 776, 431]"
738,00770.jpeg,"[1, 20, 278, 160]"
739,00772.jpeg,"[458, 172, 66, 93]"
740,00772.jpeg,"[398, 212, 59, 59]"
741,00772.jpeg,"[52, 298, 817, 190]"
742,00773.jpeg,"[20, 73, 206, 95]"
743,00774.jpeg,"[10, 26, 243, 157]"
744,00776.jpeg,"[17, 11, 261, 114]"
745,00777.jpeg,"[143, 197, 348, 300]"
746,00780.jpeg,"[1, 3, 298, 166]"
747,00781.jpeg,"[47, 31, 252, 138]"
748,00782.jpeg,"[0, 399, 410, 225]"
749,00782.jpeg,"[596, 329, 402, 292]"
750,00783.jpeg,"[365, 327, 376, 147]"
751,00785.jpeg,"[47, 25, 135, 41]"
752,00785.jpeg,"[19, 86, 130, 57]"
753,00787.jpeg,"[9, 37, 236, 136]"
754,00789.jpeg,"[0, 51, 301, 109]"
755,00792.jpeg,"[0, 50, 279, 131]"
756,00793.jpeg,"[137, 275, 452, 257]"
757,00793.jpeg,"[1, 236, 203, 249]"
758,00794.jpeg,"[22, 60, 234, 93]"
759,00795.jpeg,"[52, 15, 296, 114]"
760,00796.jpeg,"[2, 128, 796, 404]"
761,00797.jpeg,"[93, 90, 142, 94]"
762,00797.jpeg,"[57, 74, 50, 30]"
763,00797.jpeg,"[108, 64, 23, 16]"
764,00799.jpeg,"[16, 5, 230, 169]"
765,00800.jpeg,"[0, 59, 165, 99]"
766,00801.jpeg,"[71, 28, 655, 467]"
767,00802.jpeg,"[37, 7, 185, 168]"
768,00804.jpeg,"[22, 15, 192, 119]"
769,00805.jpeg,"[59, 5, 159, 120]"
770,00806.jpeg,"[2, 3, 290, 155]"
771,00810.jpeg,"[107, 184, 576, 285]"
772,00810.jpeg,"[579, 69, 218, 206]"
773,00811.jpeg,"[78, 60, 169, 76]"
774,00812.jpeg,"[184, 73, 84, 46]"
775,00812.jpeg,"[1, 98, 299, 69]"
776,00813.jpeg,"[67, 61, 212, 117]"
777,00814.jpeg,"[221, 213, 206, 133]"
778,00815.jpeg,"[1, 58, 206, 163]"
779,00816.jpeg,"[1, 54, 223, 154]"
780,00817.jpeg,"[5, 2, 231, 177]"
781,00819.jpeg,"[7, 150, 621, 298]"
782,00819.jpeg,"[365, 31, 284, 169]"
783,00820.jpeg,"[33, 62, 142, 52]"
784,00820.jpeg,"[0, 110, 206, 64]"
785,00820.jpeg,"[182, 84, 108, 22]"
786,00821.jpeg,"[34, 35, 228, 115]"
787,00822.jpeg,"[0, 73, 180, 206]"
788,00823.jpeg,"[0, 44, 233, 113]"
789,00824.jpeg,"[24, 19, 216, 164]"
790,00825.jpeg,"[0, 238, 556, 295]"
791,00827.jpeg,"[128, 190, 618, 266]"
792,00828.jpeg,"[146, 74, 616, 392]"
793,00831.jpeg,"[24, 51, 235, 117]"
794,00832.jpeg,"[0, 75, 224, 150]"
795,00835.jpeg,"[0, 141, 691, 392]"
796,00837.jpeg,"[14, 165, 752, 271]"
797,00840.jpeg,"[258, 373, 308, 219]"
798,00843.jpeg,"[15, 35, 286, 109]"
799,00845.jpeg,"[48, 43, 126, 93]"
800,00847.jpeg,"[19, 18, 239, 168]"
801,00848.jpeg,"[30, 37, 173, 125]"
802,00849.jpeg,"[0, 161, 490, 372]"
803,00852.jpeg,"[40, 62, 210, 123]"
804,00853.jpeg,"[0, 93, 224, 132]"
805,00854.jpeg,"[126, 48, 143, 61]"
806,00854.jpeg,"[1, 89, 276, 93]"
807,00856.jpeg,"[47, 64, 206, 74]"
808,00856.jpeg,"[0, 90, 275, 93]"
809,00857.jpeg,"[177, 238, 408, 283]"
810,00858.jpeg,"[8, 83, 204, 105]"
811,00858.jpeg,"[104, 80, 153, 49]"
812,00859.jpeg,"[0, 57, 255, 111]"
813,00860.jpeg,"[0, 44, 495, 254]"
814,00861.jpeg,"[1, 12, 183, 170]"
815,00861.jpeg,"[155, 38, 105, 114]"
816,00863.jpeg,"[45, 58, 203, 101]"
817,00863.jpeg,"[1, 86, 50, 46]"
818,00864.jpeg,"[196, 62, 56, 45]"
819,00864.jpeg,"[70, 70, 161, 33]"
820,00864.jpeg,"[41, 85, 253, 86]"
821,00865.jpeg,"[0, 41, 259, 153]"
822,00866.jpeg,"[4, 35, 218, 152]"
823,00868.jpeg,"[67, 2, 187, 46]"
824,00868.jpeg,"[0, 21, 297, 148]"
825,00872.jpeg,"[189, 22, 179, 95]"
826,00874.jpeg,"[1, 51, 799, 482]"
827,00878.jpeg,"[159, 132, 490, 211]"
828,00879.jpeg,"[32, 6, 246, 169]"
829,00880.jpeg,"[171, 106, 134, 90]"
830,00880.jpeg,"[231, 238, 768, 260]"
831,00881.jpeg,"[2, 3, 304, 157]"
832,00882.jpeg,"[2, 74, 265, 107]"
833,00884.jpeg,"[9, 24, 228, 153]"
834,00885.jpeg,"[692, 279, 107, 96]"
835,00885.jpeg,"[297, 284, 169, 165]"
836,00885.jpeg,"[491, 261, 209, 195]"
837,00885.jpeg,"[96, 275, 211, 140]"
838,00887.jpeg,"[101, 128, 621, 403]"
839,00888.jpeg,"[1, 65, 173, 201]"
840,00890.jpeg,"[168, 164, 485, 319]"
841,00891.jpeg,"[43, 135, 699, 364]"
842,00892.jpeg,"[25, 35, 196, 181]"
843,00894.jpeg,"[9, 17, 284, 105]"
844,00895.jpeg,"[66, 0, 137, 184]"
845,00896.jpeg,"[0, 19, 212, 219]"
846,00896.jpeg,"[186, 7, 27, 71]"
847,00896.jpeg,"[122, 0, 91, 61]"
848,00897.jpeg,"[0, 177, 641, 254]"
849,00897.jpeg,"[231, 136, 367, 101]"
850,00897.jpeg,"[307, 54, 247, 111]"
851,00898.jpeg,"[12, 33, 263, 140]"
852,00899.jpeg,"[9, 69, 190, 89]"
853,00900.jpeg,"[34, 62, 139, 53]"
854,00900.jpeg,"[0, 114, 210, 59]"
855,00900.jpeg,"[177, 86, 113, 26]"
856,00901.jpeg,"[16, 40, 243, 134]"
857,00902.jpeg,"[35, 21, 137, 133]"
858,00903.jpeg,"[113, 17, 20, 16]"
859,00903.jpeg,"[25, 25, 50, 28]"
860,00903.jpeg,"[0, 59, 257, 109]"
861,00906.jpeg,"[41, 19, 195, 144]"
862,00907.jpeg,"[65, 240, 259, 200]"
863,00908.jpeg,"[81, 67, 601, 401]"
864,00909.jpeg,"[18, 26, 212, 117]"
865,00910.jpeg,"[0, 324, 553, 210]"
866,00915.jpeg,"[6, 21, 211, 183]"
867,00918.jpeg,"[16, 73, 251, 71]"
868,00919.jpeg,"[43, 38, 254, 128]"
869,00926.jpg,"[2502, 1653, 595, 501]"
870,00928.jpg,"[154, 1174, 3802, 1939]"
871,00929.jpg,"[39, 981, 4116, 2138]"
872,00932.png,"[1, 0, 508, 539]"
873,00938.png,"[1, 8, 857, 423]"
874,00947.png,"[0, 0, 806, 506]"
875,00949.png,"[0, 6, 556, 228]"
876,00968.png,"[1626, 87, 1254, 1079]"
877,01000.png,"[0, 0, 960, 482]"
878,01002.png,"[34, 64, 464, 270]"
879,01003.png,"[4, 3, 839, 468]"
880,01009.png,"[8, 2, 671, 477]"
881,01010.png,"[0, 12, 773, 432]"
882,01060.png,"[0, 4, 720, 500]"
883,01071.png,"[4, 1, 723, 347]"
884,01075.png,"[9, 8, 788, 449]"
885,01088.png,"[313, 241, 2461, 1469]"
886,01102.png,"[0, 0, 426, 369]"
887,01102.png,"[75, 102, 352, 268]"
888,01116.png,"[0, 0, 880, 540]"
889,01133.png,"[0, 1, 623, 539]"
890,01151.png,"[0, 1, 903, 508]"
891,01165.png,"[0, 50, 70, 51]"
892,01165.png,"[5, 4, 175, 97]"
893,01171.png,"[639, 90, 2241, 1620]"
894,01178.png,"[0, 655, 2336, 1053]"
895,01206.png,"[0, 34, 596, 313]"
896,01220.png,"[2, 1, 837, 513]"
897,01223.png,"[3, 10, 121, 154]"
898,01233.png,"[1, 1, 936, 502]"
899,01258.png,"[3, 90, 2824, 1278]"
900,01262.png,"[3, 93, 2875, 1432]"
901,01271.png,"[0, 1, 817, 536]"
902,01273.png,"[0, 586, 1899, 1122]"
903,01273.png,"[1779, 90, 1101, 1620]"
904,01282.png,"[8, 5, 818, 347]"
905,01288.png,"[3, 467, 1612, 1241]"
906,01288.png,"[2069, 750, 459, 451]"
907,01289.png,"[3, 93, 2877, 1620]"
908,01301.png,"[0, 0, 661, 477]"
909,01307.png,"[12, 8, 407, 288]"
910,01314.png,"[1, 0, 898, 539]"
911,01329.png,"[0, 2, 944, 481]"
912,01332.png,"[5, 3, 305, 269]"
913,01342.png,"[2, 0, 528, 287]"
914,01367.png,"[9, 3, 588, 509]"
915,01376.png,"[10, 1, 319, 201]"
916,01403.jpeg,"[71, 80, 149, 74]"
917,01409.jpeg,"[31, 38, 202, 95]"
918,01412.jpeg,"[49, 35, 490, 215]"
919,01414.jpeg,"[79, 66, 180, 122]"
920,01415.jpeg,"[22, 56, 225, 130]"
921,01415.jpeg,"[175, 16, 84, 91]"
922,01418.jpeg,"[4, 18, 248, 142]"
923,01419.jpeg,"[2, 26, 272, 134]"
924,01422.jpeg,"[2, 42, 179, 131]"
925,01423.jpeg,"[0, 41, 170, 218]"
926,01424.jpeg,"[0, 119, 398, 211]"
927,01425.png,"[131, 94, 165, 106]"
928,01425.png,"[240, 134, 267, 95]"
929,01427.jpeg,"[46, 16, 211, 123]"
930,01428.jpeg,"[40, 36, 175, 142]"
931,01429.jpeg,"[14, 166, 738, 257]"
932,01429.jpeg,"[16, 632, 373, 91]"
933,01429.jpeg,"[426, 620, 341, 121]"
934,01430.jpeg,"[22, 10, 239, 123]"
935,01431.jpeg,"[634, 211, 390, 287]"
936,01431.jpeg,"[181, 161, 669, 337]"
937,01431.jpeg,"[58, 94, 547, 321]"
938,01431.jpeg,"[0, 55, 384, 253]"
939,01432.jpeg,"[223, 355, 684, 178]"
940,01433.jpeg,"[23, 49, 207, 113]"
941,01434.jpeg,"[0, 1, 820, 799]"
942,01435.jpeg,"[12, 31, 490, 248]"
943,01436.jpeg,"[1, 31, 541, 233]"
944,01437.jpeg,"[20, 108, 429, 319]"
945,01438.png,"[0, 368, 876, 350]"
946,01439.jpeg,"[7, 69, 199, 113]"
947,01440.jpeg,"[15, 78, 397, 157]"
948,01441.jpeg,"[71, 76, 188, 113]"
949,01442.jpeg,"[685, 7, 333, 326]"
950,01443.jpeg,"[7, 0, 953, 719]"
951,01444.png,"[0, 106, 440, 217]"
952,01445.jpeg,"[17, 1, 495, 226]"
953,01446.jpeg,"[58, 13, 203, 165]"
954,01447.jpeg,"[5, 139, 415, 219]"
955,01447.jpeg,"[271, 142, 325, 125]"
956,01448.jpeg,"[90, 173, 496, 184]"
957,01449.jpeg,"[18, 31, 282, 194]"
958,01450.jpeg,"[0, 0, 258, 149]"
959,01451.jpeg,"[0, 153, 498, 274]"
960,01452.jpeg,"[158, 31, 101, 108]"
961,01452.jpeg,"[24, 15, 120, 129]"
962,01453.jpeg,"[21, 41, 184, 150]"
963,01454.jpeg,"[8, 67, 712, 233]"
964,01455.jpeg,"[241, 56, 840, 670]"
965,01511.png,"[867, 82, 2010, 1626]"
966,01521.png,"[236, 89, 2641, 1623]"
967,01526.png,"[406, 90, 2472, 1554]"
968,01529.jpeg,"[351, 251, 790, 491]"
969,01530.jpeg,"[51, 24, 224, 159]"
970,01531.jpeg,"[76, 16, 542, 334]"
971,01533.jpeg,"[11, 54, 261, 113]"
972,01534.jpeg,"[263, 238, 666, 298]"
973,01535.jpeg,"[33, 49, 166, 98]"
974,01536.jpeg,"[23, 41, 397, 295]"
975,01537.jpeg,"[24, 15, 275, 151]"
976,01538.jpeg,"[148, 28, 1135, 780]"
977,01539.jpeg,"[23, 63, 561, 397]"
978,01540.jpeg,"[78, 31, 194, 105]"
979,01541.jpeg,"[156, 1, 973, 792]"
980,01542.jpeg,"[135, 200, 986, 883]"
981,01543.jpeg,"[4, 53, 179, 115]"
982,01544.jpeg,"[30, 1, 215, 145]"
983,01545.jpeg,"[54, 73, 126, 98]"
984,01546.jpeg,"[128, 144, 1004, 662]"
985,01547.jpeg,"[56, 37, 126, 101]"
986,01548.jpeg,"[221, 221, 829, 693]"
987,01548.jpeg,"[959, 323, 229, 206]"
988,01550.jpeg,"[155, 270, 491, 242]"
989,01552.jpeg,"[767, 121, 471, 377]"
990,01552.jpeg,"[438, 200, 507, 349]"
991,01553.jpeg,"[31, 35, 211, 119]"
992,01554.jpeg,"[15, 1, 258, 181]"
993,01555.jpeg,"[64, 36, 189, 87]"
994,01556.jpg,"[54, 28, 697, 388]"
995,01557.jpg,"[1, 22, 396, 237]"
996,01559.jpeg,"[121, 210, 1208, 507]"
997,01560.jpeg,"[121, 267, 1151, 452]"
998,01561.jpeg,"[971, 327, 947, 771]"
999,01566.jpeg,"[120, 21, 1280, 699]"
1000,01574.jpeg,"[923, 267, 807, 410]"
1001,01578.jpeg,"[208, 102, 359, 504]"
1002,01581.jpeg,"[956, 377, 231, 261]"
1003,01581.jpeg,"[120, 273, 352, 262]"
1004,01581.jpeg,"[1204, 397, 197, 272]"
1005,01582.jpeg,"[884, 531, 777, 607]"
1006,01583.png,"[2, 85, 2591, 1631]"
1007,01585.jpeg,"[0, 262, 881, 780]"
1008,01586.jpeg,"[819, 496, 717, 614]"
1009,01587.jpeg,"[954, 407, 569, 262]"
1010,01590.jpeg,"[2, 435, 1472, 704]"
1011,01591.jpeg,"[869, 346, 892, 793]"
1012,01592.jpeg,"[893, 351, 252, 328]"
1013,01592.jpeg,"[763, 155, 66, 61]"
1014,01593.jpeg,"[679, 294, 343, 287]"
1015,01596.jpeg,"[1046, 357, 283, 362]"
1016,01597.jpeg,"[310, 281, 229, 134]"
1017,01597.jpeg,"[498, 0, 903, 720]"
1018,01598.jpeg,"[1026, 491, 375, 230]"
1019,01598.jpeg,"[601, 138, 79, 69]"
1020,01598.jpeg,"[530, 136, 66, 56]"
1021,01599.jpeg,"[223, 301, 1052, 418]"
1022,01600.jpeg,"[265, 466, 1026, 253]"
1023,01601.jpeg,"[342, 123, 591, 504]"
1024,01601.jpeg,"[1130, 0, 271, 477]"
1025,01603.jpeg,"[122, 35, 1279, 685]"
1026,01610.jpeg,"[910, 284, 154, 191]"
1027,01612.jpeg,"[0, 62, 825, 733]"
1028,01613.jpeg,"[608, 280, 520, 269]"
1029,01614.jpeg,"[1074, 558, 1648, 1991]"
1030,01618.jpeg,"[410, 204, 525, 356]"
1031,01621.jpeg,"[296, 200, 1459, 998]"
1032,01622.jpeg,"[122, 38, 1279, 681]"
1033,01623.jpeg,"[1004, 282, 209, 183]"
1034,01623.jpeg,"[120, 329, 95, 86]"
1035,01625.jpeg,"[4, 368, 3598, 2747]"
1036,01626.jpeg,"[921, 884, 2607, 1665]"
1037,01627.jpeg,"[120, 49, 1280, 671]"
1038,01630.jpeg,"[861, 454, 539, 265]"
1039,01630.jpeg,"[643, 232, 684, 416]"
1040,01630.jpeg,"[347, 75, 500, 256]"
1041,01631.jpeg,"[229, 267, 999, 369]"
1042,01632.jpeg,"[58, 277, 1081, 880]"
1043,01633.jpeg,"[1037, 921, 781, 1776]"
1044,01635.jpeg,"[239, 165, 1161, 542]"
1045,01638.jpeg,"[117, 167, 888, 552]"
1046,01645.jpeg,"[120, 177, 1280, 542]"
1047,01646.jpeg,"[269, 114, 1373, 456]"
1048,01648.jpeg,"[283, 76, 683, 497]"
1049,01649.jpeg,"[404, 222, 812, 498]"
1050,01650.jpeg,"[1033, 108, 644, 518]"
1051,01651.jpeg,"[213, 48, 1450, 985]"
1052,01653.jpeg,"[718, 17, 680, 622]"
1053,01654.jpeg,"[122, 272, 350, 263]"
1054,01657.jpeg,"[120, 167, 37, 61]"
1055,01660.jpeg,"[464, 180, 1176, 752]"
1056,01663.jpeg,"[1207, 429, 194, 291]"
1057,01665.jpeg,"[378, 192, 1057, 394]"
1058,01667.jpeg,"[468, 70, 594, 574]"
1059,01670.jpeg,"[996, 719, 3160, 1148]"
1060,01671.jpeg,"[181, 136, 1219, 583]"
1061,01672.jpeg,"[801, 442, 736, 666]"
1062,01673.jpeg,"[493, 313, 623, 582]"
1063,01675.jpeg,"[120, 1, 1279, 718]"
1064,01679.jpeg,"[1237, 353, 682, 785]"
1065,01679.jpeg,"[345, 323, 823, 710]"
1066,01682.jpeg,"[1153, 1070, 1954, 1058]"
1067,01683.jpeg,"[642, 191, 758, 529]"
1068,01684.jpeg,"[449, 187, 512, 442]"
1069,01685.jpeg,"[438, 186, 490, 471]"
1070,01688.jpeg,"[908, 396, 401, 358]"
1071,01709.jpeg,"[497, 200, 1119, 467]"
1072,01710.jpeg,"[490, 76, 947, 896]"
1073,01712.jpeg,"[232, 166, 1166, 541]"
1074,01713.jpeg,"[46, 457, 672, 646]"
1075,01720.jpeg,"[270, 108, 593, 549]"
1076,01721.jpeg,"[173, 256, 1227, 463]"
1077,01722.jpeg,"[122, 255, 967, 465]"
1078,01722.jpeg,"[927, 0, 473, 633]"
1079,01724.jpeg,"[974, 378, 229, 327]"
1080,01726.jpeg,"[968, 434, 250, 383]"
1081,01730.jpeg,"[2, 62, 623, 660]"
1082,01735.jpeg,"[2, 159, 1512, 960]"
1083,01737.jpeg,"[205, 269, 1100, 388]"
1084,01738.jpeg,"[147, 69, 1252, 585]"
1085,01741.jpeg,"[611, 280, 385, 194]"
1086,01741.jpeg,"[990, 316, 387, 106]"
1087,01746.jpeg,"[1132, 0, 270, 477]"
1088,01746.jpeg,"[419, 175, 535, 456]"
1089,01752.jpeg,"[109, 3, 1030, 1040]"
1090,01755.jpeg,"[154, 159, 1246, 561]"
1091,01756.jpeg,"[294, 154, 526, 682]"
1092,01756.jpeg,"[801, 434, 761, 272]"
1093,01757.jpeg,"[772, 466, 712, 639]"
1094,01759.jpeg,"[138, 66, 1248, 592]"
1095,01760.jpeg,"[118, 145, 1201, 575]"
1096,01761.jpeg,"[549, 620, 3327, 2391]"
1097,01762.jpeg,"[8, 365, 654, 421]"
1098,01763.jpeg,"[6, 6, 439, 494]"
1099,01764.jpeg,"[23, 217, 1040, 451]"
1100,01764.jpeg,"[544, 144, 236, 98]"
1101,01765.jpeg,"[40, 83, 564, 305]"
1102,01766.jpeg,"[113, 126, 1011, 590]"
1103,01767.jpeg,"[829, 3, 1782, 1881]"
1104,01768.jpeg,"[42, 63, 396, 177]"
1105,01769.jpeg,"[21, 1, 951, 574]"
1106,01770.jpeg,"[186, 59, 646, 704]"
1107,01771.jpeg,"[31, 23, 140, 129]"
1108,01772.jpeg,"[99, 139, 634, 496]"
1109,01773.jpeg,"[74, 170, 1362, 615]"
1110,01774.jpeg,"[1, 131, 418, 371]"
1111,01775.jpeg,"[20, 3, 220, 177]"
1112,01776.jpeg,"[1146, 998, 60, 248]"
1113,01776.jpeg,"[561, 823, 292, 214]"
1114,01776.jpeg,"[606, 1846, 316, 131]"
1115,01777.jpeg,"[52, 1, 536, 401]"
1116,01778.jpeg,"[82, 49, 159, 124]"
1117,01779.jpeg,"[169, 60, 857, 634]"
1118,01780.jpeg,"[20, 42, 467, 233]"
1119,01781.jpeg,"[99, 273, 1118, 535]"
1120,01785.jpeg,"[74, 79, 726, 521]"
1121,01786.jpeg,"[4, 35, 342, 239]"
1122,01788.jpeg,"[734, 326, 226, 332]"
1123,01788.jpeg,"[560, 391, 245, 329]"
1124,01790.jpeg,"[31, 470, 268, 106]"
1125,01793.jpeg,"[539, 8, 236, 190]"
1126,01793.jpeg,"[392, 31, 203, 209]"
1127,01793.jpeg,"[201, 68, 190, 213]"
1128,01793.jpeg,"[18, 77, 163, 218]"
1129,01794.jpeg,"[289, 535, 245, 76]"
1130,01795.jpeg,"[1, 113, 446, 326]"
1131,01796.jpeg,"[93, 199, 753, 922]"
1132,01797.jpeg,"[365, 39, 347, 408]"
1133,01798.jpeg,"[422, 204, 178, 151]"
1134,01798.jpeg,"[224, 95, 235, 170]"
1135,01799.jpeg,"[0, 0, 96, 157]"
1136,01799.jpeg,"[29, 68, 152, 171]"
1137,01799.jpeg,"[148, 96, 147, 177]"
1138,01800.jpeg,"[94, 399, 156, 79]"
1139,01802.jpeg,"[0, 129, 1240, 602]"
1140,01803.jpeg,"[41, 235, 441, 108]"
1141,01804.jpeg,"[706, 402, 387, 885]"
1142,01804.jpeg,"[192, 154, 405, 892]"
1143,01805.jpeg,"[0, 323, 767, 683]"
1144,01806.jpeg,"[1, 1, 220, 196]"
1145,01807.jpeg,"[0, 88, 881, 712]"
1146,01807.jpeg,"[126, 3, 410, 148]"
1147,01807.jpeg,"[0, 0, 378, 168]"
1148,01807.jpeg,"[535, 27, 320, 92]"
1149,01807.jpeg,"[459, 61, 507, 739]"
1150,01808.jpeg,"[64, 187, 134, 179]"
1151,01808.jpeg,"[222, 186, 122, 173]"
1152,01809.jpeg,"[692, 319, 240, 345]"
1153,01809.jpeg,"[497, 167, 434, 372]"
1154,01809.jpeg,"[200, 131, 363, 353]"
1155,01809.jpeg,"[0, 93, 394, 299]"
1156,01810.jpeg,"[65, 295, 858, 720]"
1157,01811.jpeg,"[500, 64, 48, 79]"
1158,01812.jpeg,"[2, 146, 350, 163]"
1159,01812.jpeg,"[365, 108, 115, 92]"
1160,01813.jpeg,"[819, 1082, 426, 215]"
1161,01813.jpeg,"[1444, 1145, 328, 183]"
1162,01815.jpeg,"[1, 245, 1400, 556]"
1163,01816.jpeg,"[0, 30, 780, 770]"
1164,01817.jpeg,"[1, 71, 1022, 505]"
1165,01818.jpeg,"[1, 14, 274, 169]"
1166,01819.jpeg,"[3, 22, 643, 375]"
1167,01820.jpeg,"[56, 357, 712, 424]"
1168,01822.jpeg,"[318, 105, 128, 234]"
1169,01823.jpeg,"[654, 22, 219, 160]"
1170,01823.jpeg,"[571, 52, 200, 150]"
1171,01823.jpeg,"[456, 51, 186, 152]"
1172,01823.jpeg,"[329, 57, 162, 146]"
1173,01823.jpeg,"[197, 61, 144, 144]"
1174,01824.jpeg,"[235, 64, 112, 48]"
1175,01825.jpeg,"[0, 79, 543, 321]"
1176,01825.jpeg,"[382, 9, 129, 38]"
1177,01825.jpeg,"[0, 66, 317, 113]"
1178,01826.jpeg,"[0, 3, 511, 483]"
1179,01827.jpeg,"[166, 446, 935, 488]"
1180,01829.jpeg,"[77, 27, 399, 286]"
1181,01831.jpeg,"[181, 26, 221, 215]"
1182,01831.jpeg,"[419, 5, 230, 242]"
1183,01831.jpeg,"[0, 225, 649, 228]"
1184,01831.jpeg,"[1, 25, 197, 249]"
1185,01832.jpeg,"[31, 15, 515, 391]"
1186,01833.jpeg,"[0, 327, 979, 325]"
1187,01834.jpeg,"[68, 247, 322, 166]"
1188,01835.jpeg,"[182, 103, 298, 218]"
1189,01839.jpeg,"[1, 53, 999, 601]"
1190,01840.jpeg,"[557, 49, 258, 156]"
1191,01840.jpeg,"[325, 51, 318, 215]"
1192,01840.jpeg,"[0, 76, 420, 274]"
1193,01841.jpeg,"[375, 308, 557, 274]"
1194,01844.jpeg,"[537, 22, 110, 145]"
1195,01844.jpeg,"[43, 320, 287, 144]"
1196,01845.jpeg,"[0, 9, 1073, 844]"
1197,01846.jpeg,"[0, 223, 541, 209]"
1198,01847.jpeg,"[16, 27, 166, 145]"
1199,01847.jpeg,"[186, 26, 105, 107]"
1200,01847.jpeg,"[128, 49, 150, 121]"
1201,01848.jpeg,"[6, 107, 92, 115]"
1202,01849.jpeg,"[102, 157, 1315, 819]"
1203,01850.jpeg,"[34, 67, 1256, 448]"
1204,01852.jpeg,"[1, 138, 1059, 661]"
1205,01853.jpeg,"[1, 120, 288, 226]"
1206,01853.jpeg,"[176, 98, 313, 174]"
1207,01854.jpeg,"[660, 332, 711, 405]"
1208,01854.jpeg,"[152, 296, 693, 406]"
1209,01855.jpeg,"[188, 430, 102, 199]"
1210,01856.jpeg,"[2, 139, 997, 1253]"
1211,01857.jpeg,"[13, 530, 1470, 729]"
1212,01858.jpeg,"[92, 64, 167, 130]"
1213,01859.jpeg,"[90, 224, 1098, 445]"
1214,01860.jpeg,"[0, 30, 639, 375]"
1215,01862.jpeg,"[39, 77, 556, 367]"
1216,01863.jpeg,"[1, 41, 240, 130]"
1217,01864.jpeg,"[0, 375, 498, 308]"
1218,01864.jpeg,"[622, 301, 361, 382]"
1219,01864.jpeg,"[797, 257, 189, 61]"
1220,01865.jpeg,"[3, 63, 1101, 761]"
1221,01865.jpeg,"[0, 1041, 281, 200]"
1222,01866.jpeg,"[90, 76, 364, 288]"
1223,01867.jpeg,"[0, 639, 1419, 656]"
1224,01868.jpeg,"[242, 176, 490, 381]"
1225,01869.jpeg,"[85, 36, 389, 240]"
1226,01870.jpeg,"[384, 326, 186, 83]"
1227,01870.jpeg,"[93, 194, 159, 95]"
1228,01871.jpeg,"[66, 140, 628, 310]"
1229,01873.jpeg,"[814, 1243, 1089, 829]"
1230,01873.jpeg,"[1537, 871, 383, 440]"
1231,01873.jpeg,"[334, 823, 614, 240]"
1232,01873.jpeg,"[340, 1037, 609, 134]"
1233,01874.jpeg,"[38, 246, 712, 254]"
1234,01874.jpeg,"[291, 156, 458, 131]"
1235,01875.jpeg,"[1, 76, 193, 119]"
1236,01876.jpeg,"[0, 148, 889, 502]"
1237,01876.jpeg,"[525, 139, 415, 175]"
1238,01878.jpeg,"[61, 51, 175, 130]"
1239,01879.jpeg,"[119, 171, 403, 407]"
1240,01879.jpeg,"[365, 199, 301, 467]"
1241,01879.jpeg,"[1, 110, 327, 514]"
1242,01880.jpeg,"[0, 220, 505, 379]"
1243,01880.jpeg,"[356, 221, 368, 213]"
1244,01880.jpeg,"[479, 221, 246, 136]"
1245,01880.jpeg,"[167, 221, 544, 266]"
1246,01881.jpeg,"[569, 357, 545, 272]"
1247,01881.jpeg,"[958, 348, 242, 267]"
1248,01883.jpeg,"[693, 335, 499, 443]"
1249,01883.jpeg,"[103, 337, 570, 397]"
1250,01886.jpeg,"[193, 95, 314, 175]"
1251,01887.jpeg,"[1, 379, 875, 339]"
1252,01888.jpeg,"[240, 56, 842, 670]"
1253,01889.jpeg,"[1, 66, 639, 408]"
1254,01890.jpeg,"[53, 114, 181, 114]"
1255,01892.jpeg,"[1, 121, 358, 149]"
1256,01893.jpeg,"[235, 53, 621, 445]"
1257,01894.jpeg,"[11, 222, 525, 217]"
1258,01897.jpeg,"[5, 380, 234, 120]"
1259,01898.jpeg,"[0, 55, 568, 413]"
1260,01898.jpeg,"[383, 0, 212, 208]"
1261,01899.jpeg,"[82, 16, 168, 185]"
1262,01899.jpeg,"[0, 1, 148, 200]"
1263,01900.jpeg,"[48, 116, 507, 262]"
1264,01901.jpeg,"[28, 323, 306, 175]"
1265,01901.jpeg,"[86, 6, 215, 157]"
1266,01902.jpeg,"[18, 9, 221, 130]"
1267,01905.jpeg,"[431, 135, 61, 95]"
1268,01906.jpeg,"[393, 90, 743, 522]"
1269,01907.jpeg,"[55, 198, 306, 144]"
1270,01907.jpeg,"[447, 259, 353, 192]"
1271,01908.jpeg,"[62, 53, 376, 194]"
1272,01909.jpeg,"[0, 43, 93, 120]"
1273,01909.jpeg,"[95, 70, 366, 212]"
1274,01910.jpeg,"[0, 1, 1198, 868]"
1275,01912.jpeg,"[251, 42, 243, 272]"
1276,01913.jpeg,"[0, 210, 472, 390]"
1277,01913.jpeg,"[256, 254, 344, 346]"
1278,01915.jpeg,"[0, 254, 2000, 1005]"
1279,01915.jpeg,"[62, 11, 801, 769]"
1280,01916.jpeg,"[41, 38, 308, 224]"
1281,01917.jpeg,"[109, 59, 182, 149]"
1282,01917.jpeg,"[241, 88, 175, 132]"
1283,01919.jpeg,"[235, 224, 98, 137]"
1284,01920.jpeg,"[736, 239, 434, 193]"
1285,01920.jpeg,"[911, 402, 289, 154]"
1286,01920.jpeg,"[0, 332, 380, 285]"
1287,01922.jpeg,"[752, 102, 859, 390]"
1288,01922.jpeg,"[111, 138, 1253, 761]"
1289,01923.jpeg,"[22, 91, 719, 442]"
1290,01924.jpeg,"[817, 238, 435, 146]"
1291,01924.jpeg,"[82, 237, 1034, 606]"
1292,01925.jpeg,"[149, 275, 509, 157]"
1293,01926.jpeg,"[0, 51, 257, 143]"
1294,01927.jpeg,"[551, 129, 749, 344]"
1295,01928.jpeg,"[17, 62, 491, 297]"
1296,01929.jpeg,"[191, 301, 161, 196]"
1297,01932.jpeg,"[1, 15, 507, 214]"
1298,01933.jpeg,"[387, 203, 212, 143]"
1299,01933.jpeg,"[39, 190, 213, 141]"
1300,01934.jpeg,"[274, 835, 1077, 1545]"
1301,01934.jpeg,"[887, 819, 1053, 1432]"
1302,01935.jpeg,"[79, 104, 271, 197]"
1303,01936.jpeg,"[276, 32, 595, 170]"
1304,01936.jpeg,"[0, 194, 1023, 402]"
1305,01937.jpeg,"[654, 237, 857, 418]"
1306,01937.jpeg,"[119, 284, 1021, 615]"
1307,01938.jpeg,"[29, 11, 108, 118]"
1308,01940.jpeg,"[134, 14, 444, 292]"
1309,01941.jpeg,"[51, 115, 463, 230]"
1310,01942.jpeg,"[263, 536, 745, 333]"
1311,01943.jpeg,"[0, 127, 643, 547]"
1312,01944.jpeg,"[36, 40, 604, 424]"
1313,01944.jpeg,"[0, 0, 461, 263]"
1314,01945.jpeg,"[153, 242, 110, 199]"
1315,01946.jpeg,"[0, 64, 157, 104]"
1316,01949.jpeg,"[2, 323, 864, 979]"
1317,01953.jpeg,"[36, 79, 242, 237]"
1318,01953.jpeg,"[263, 104, 279, 203]"
1319,01955.jpeg,"[196, 187, 189, 76]"
1320,01956.jpeg,"[21, 12, 475, 462]"
1321,01958.jpeg,"[566, 530, 793, 535]"
1322,01961.jpeg,"[33, 118, 713, 276]"
1323,01962.jpeg,"[57, 21, 568, 433]"
1324,01963.jpeg,"[32, 301, 360, 298]"
1325,01964.jpeg,"[52, 62, 248, 159]"
1326,01965.jpeg,"[12, 126, 779, 381]"
1327,01966.jpeg,"[483, 563, 472, 185]"
1328,01967.jpeg,"[210, 66, 1038, 685]"
1329,01968.jpeg,"[168, 291, 747, 326]"
1330,01969.jpeg,"[0, 226, 692, 294]"
1331,01970.jpeg,"[3, 2, 293, 164]"
1332,01971.jpeg,"[240, 61, 87, 89]"
1333,01972.jpeg,"[157, 212, 350, 285]"
1334,01975.jpeg,"[171, 141, 137, 116]"
1335,01976.jpeg,"[113, 10, 133, 122]"
1336,01976.jpeg,"[48, 114, 136, 138]"
1337,01978.jpeg,"[184, 251, 440, 231]"
1338,01979.jpeg,"[94, 113, 159, 140]"
1339,01979.jpeg,"[329, 109, 142, 138]"
1340,01980.jpeg,"[327, 78, 88, 26]"
1341,01980.jpeg,"[386, 93, 159, 110]"
1342,01981.jpeg,"[0, 119, 400, 211]"
1343,01982.jpeg,"[1, 101, 222, 123]"
1344,01982.jpeg,"[279, 16, 229, 317]"
1345,01984.jpeg,"[73, 47, 170, 121]"
1346,01986.jpeg,"[137, 274, 110, 190]"
1347,01986.jpeg,"[232, 129, 66, 121]"
1348,01987.jpeg,"[41, 249, 418, 292]"
1349,01987.jpeg,"[645, 280, 431, 194]"
1350,01988.jpeg,"[21, 18, 363, 203]"
1351,01989.jpeg,"[78, 91, 414, 274]"
1352,01990.jpeg,"[1, 64, 499, 269]"
1353,01991.jpeg,"[573, 494, 2511, 1570]"
1354,01992.jpeg,"[24, 0, 469, 274]"
1355,01993.jpeg,"[0, 254, 1345, 946]"
1356,01994.jpeg,"[59, 128, 570, 454]"
1357,01996.jpeg,"[20, 17, 244, 155]"
1358,01997.jpeg,"[312, 187, 72, 136]"
1359,01998.jpeg,"[283, 114, 54, 77]"
1360,01999.jpeg,"[132, 233, 112, 226]"
1361,02000.jpeg,"[108, 174, 338, 162]"
1362,02001.jpeg,"[0, 321, 292, 191]"
1363,02002.jpeg,"[138, 471, 1116, 728]"
1364,02002.jpeg,"[1315, 570, 1003, 622]"
1365,02003.jpeg,"[12, 7, 221, 176]"
1366,02004.jpeg,"[200, 132, 714, 457]"
1367,02006.jpeg,"[137, 207, 123, 265]"
1368,02006.jpeg,"[176, 49, 101, 171]"
1369,02008.jpeg,"[244, 13, 75, 117]"
1370,02009.jpeg,"[401, 139, 111, 46]"
1371,02010.jpeg,"[605, 258, 1429, 1319]"
1372,02010.jpeg,"[0, 277, 540, 1095]"
1373,02010.jpeg,"[2022, 351, 538, 1123]"
1374,02013.jpeg,"[295, 687, 255, 312]"
1375,02014.jpeg,"[121, 114, 656, 382]"
1376,02015.jpeg,"[28, 75, 519, 348]"
1377,02015.jpeg,"[311, 91, 270, 187]"
1378,02016.jpeg,"[0, 24, 228, 131]"
1379,02016.jpeg,"[22, 72, 379, 199]"
1380,02017.jpeg,"[137, 290, 360, 313]"
1381,02017.jpeg,"[0, 347, 136, 229]"
1382,02018.jpeg,"[1, 4, 819, 795]"
1383,02019.jpeg,"[136, 281, 640, 483]"
1384,02020.jpeg,"[335, 137, 465, 463]"
1385,02020.jpeg,"[0, 151, 385, 341]"
1386,02021.jpeg,"[27, 248, 1163, 511]"
1387,02023.jpeg,"[14, 166, 753, 269]"
1388,02024.jpeg,"[0, 40, 297, 128]"
1389,02025.jpeg,"[0, 126, 664, 479]"
1390,02026.jpeg,"[27, 483, 231, 93]"
1391,02027.jpeg,"[161, 80, 78, 70]"
1392,02027.jpeg,"[40, 65, 90, 61]"
1393,02027.jpeg,"[90, 75, 84, 65]"
1394,02029.jpeg,"[0, 111, 380, 288]"
1395,02030.jpeg,"[88, 99, 195, 154]"
1396,02031.jpeg,"[174, 1, 780, 682]"
1397,02032.jpeg,"[155, 211, 1665, 988]"
1398,02033.jpeg,"[0, 32, 482, 301]"
1399,02034.jpeg,"[3, 58, 594, 296]"
1400,02035.jpeg,"[0, 31, 520, 405]"
1401,02038.jpeg,"[123, 116, 885, 482]"
1402,02038.jpeg,"[0, 85, 678, 336]"
1403,02039.jpeg,"[0, 286, 1333, 714]"
1404,02039.jpeg,"[566, 0, 767, 513]"
1405,02040.jpeg,"[823, 316, 114, 148]"
1406,02041.jpeg,"[627, 297, 359, 363]"
1407,02043.jpeg,"[51, 12, 509, 366]"
1408,02044.jpeg,"[245, 95, 428, 454]"
1409,02045.jpeg,"[175, 1, 780, 681]"
1410,02047.jpeg,"[110, 1, 510, 399]"
1411,02048.jpeg,"[0, 52, 350, 244]"
1412,02049.jpeg,"[237, 119, 180, 106]"
1413,02049.jpeg,"[0, 173, 383, 258]"
1414,02049.jpeg,"[63, 128, 657, 372]"
1415,02050.jpeg,"[0, 30, 223, 195]"
1416,02053.jpeg,"[718, 958, 1224, 801]"
1417,02054.jpeg,"[0, 178, 1300, 692]"
1418,02055.jpeg,"[22, 43, 190, 151]"
1419,02055.jpeg,"[0, 43, 112, 142]"
1420,02056.jpeg,"[1, 105, 299, 295]"
1421,02057.jpeg,"[0, 48, 861, 552]"
1422,02057.jpeg,"[676, 50, 627, 461]"
1423,02057.jpeg,"[1106, 38, 507, 394]"
1424,02057.jpeg,"[1590, 48, 328, 281]"
1425,02059.jpeg,"[0, 211, 1295, 655]"
1426,02061.jpeg,"[243, 2, 941, 899]"
1427,02064.jpeg,"[492, 448, 105, 137]"
1428,02065.jpeg,"[33, 193, 718, 398]"
1429,02065.jpeg,"[376, 185, 424, 197]"
1430,02066.jpeg,"[112, 9, 132, 124]"
1431,02066.jpeg,"[49, 113, 133, 137]"
1432,02068.jpeg,"[718, 0, 562, 226]"
1433,02068.jpeg,"[167, 0, 378, 190]"
1434,02068.jpeg,"[716, 226, 564, 495]"
1435,02068.jpeg,"[69, 102, 498, 448]"
1436,02068.jpeg,"[283, 325, 798, 396]"
1437,02068.jpeg,"[419, 24, 533, 387]"
1438,02070.jpeg,"[65, 0, 1140, 837]"
1439,02071.jpeg,"[291, 184, 185, 149]"
1440,02072.jpeg,"[231, 215, 815, 545]"
1441,02073.jpeg,"[407, 1026, 930, 752]"
1442,02073.jpeg,"[1167, 316, 423, 342]"
1443,02075.jpeg,"[0, 88, 211, 80]"
1444,02078.jpeg,"[15, 4, 242, 170]"
1445,02079.jpeg,"[18, 47, 105, 90]"
1446,02079.jpeg,"[76, 48, 153, 105]"
1447,02079.jpeg,"[168, 53, 145, 109]"
1448,02081.jpeg,"[90, 32, 388, 259]"
1449,02082.jpeg,"[267, 140, 327, 127]"
1450,02082.jpeg,"[4, 139, 416, 219]"
1451,02085.jpeg,"[114, 182, 631, 335]"
1452,02086.jpeg,"[0, 275, 560, 250]"
1453,02087.jpeg,"[783, 186, 445, 398]"
1454,02087.jpeg,"[532, 220, 286, 499]"
1455,02088.jpeg,"[134, 82, 527, 512]"
1456,02089.jpeg,"[59, 67, 1353, 989]"
1457,02090.jpeg,"[381, 273, 354, 477]"
1458,02091.jpeg,"[36, 239, 753, 267]"
1459,02092.jpeg,"[236, 207, 672, 443]"
1460,02093.jpeg,"[97, 156, 414, 227]"
1461,02093.jpeg,"[42, 114, 370, 129]"
1462,02094.jpeg,"[31, 44, 144, 65]"
1463,02094.jpeg,"[72, 63, 276, 181]"
1464,02096.jpeg,"[70, 101, 703, 401]"
1465,02096.jpeg,"[592, 73, 208, 133]"
1466,02097.jpeg,"[90, 449, 208, 88]"
1467,02097.jpeg,"[172, 507, 210, 61]"
1468,02098.jpeg,"[62, 286, 217, 94]"
1469,02099.jpeg,"[177, 222, 767, 526]"
1470,02100.jpeg,"[140, 200, 484, 171]"
1471,02101.jpeg,"[0, 24, 462, 297]"
1472,02101.jpeg,"[488, 47, 462, 273]"
1473,02106.jpeg,"[27, 58, 79, 98]"
1474,02106.jpeg,"[109, 28, 111, 88]"
1475,02107.jpeg,"[6, 345, 850, 616]"
1476,02108.jpeg,"[20, 15, 330, 235]"
1477,02109.jpeg,"[29, 77, 767, 457]"
1478,02110.jpeg,"[1210, 3982, 2465, 1192]"
1479,02111.jpeg,"[110, 229, 2917, 1960]"
1480,02113.jpeg,"[453, 177, 123, 327]"
1481,02113.jpeg,"[0, 137, 145, 289]"
1482,02113.jpeg,"[61, 234, 419, 396]"
